[
  {
    "name": "Katty",
    "spotifyId": "7sWJR3GtdK9Jr09w5Nh16B",
    "owner": "ERRY"
  },
  {
    "name": "Muted Mind",
    "spotifyId": "1KJc2XcGCkzZypmNDhIMeR",
    "owner": "NUNEAUX"
  },
  {
    "name": "Swooshy",
    "spotifyId": "6kWh8CBUb92RPXrCMzJ2og",
    "owner": "NUNEAUX"
  },
  {
    "name": "Eleanor Moon",
    "spotifyId": "5d8GtQxBbULssUMeaHpTJ4",
    "owner": "NUNEAUX"
  },
  {
    "name": "Sleepy Delrow",
    "spotifyId": "5AzDNSnXecyb5n2SGEk210",
    "owner": "NUNEAUX"
  },
  {
    "name": "Lila Serene",
    "spotifyId": "6CNN1uNMESxlBFkAlPLFGC",
    "owner": "NUNEAUX"
  },
  {
    "name": "Soft Dawn",
    "spotifyId": "1lw523m68IbWJqOXAW1dp6",
    "owner": "NUNEAUX"
  },
  {
    "name": "Loomy",
    "spotifyId": "6nCQ2Jjeut72ninwDgB6Yy",
    "owner": "NUNEAUX"
  },
  {
    "name": "Evelyn Winter",
    "spotifyId": "4ByXb0waTbnoUu4EaPPD2W",
    "owner": "ERRY"
  },
  {
    "name": "Krople",
    "spotifyId": "00yTD0tYQNrivASVQgBGes",
    "owner": "ERRY"
  },
  {
    "name": "Nunery Dream",
    "spotifyId": "357zDmhgGTYSyYTyBTD65t",
    "owner": "NUNEAUX"
  },
  {
    "name": "Luna Nights",
    "spotifyId": "2Ar9N9Kr5qNvDq188I0DsC",
    "owner": "ERRY"
  },
  {
    "name": "Celestine Viora",
    "spotifyId": "2McwFGt12uHTCNmI7VhC2K",
    "owner": "NUNEAUX"
  },
  {
    "name": "Domindo Nuni",
    "spotifyId": "6IsY6SBSPEQFRDZYzsF2nS",
    "owner": "ERRY"
  },
  {
    "name": "Sophia Vale",
    "spotifyId": "79A1B10WsQEm7MiRCHC9Fa",
    "owner": "ERRY"
  },
  {
    "name": "Ava Willow",
    "spotifyId": "37rDPPf5ljzqE4MTvC1PyH",
    "owner": "ERRY"
  },
  {
    "name": "Motionless",
    "spotifyId": "3lQpO3wZJRN29Ijr8fpwaN",
    "owner": "ERRY"
  },
  {
    "name": "Ludo Legato",
    "spotifyId": "00qvWOgeQtQf4XcxJM6DzU",
    "owner": "ERRY"
  },
  {
    "name": "Dreamflow",
    "spotifyId": "3JxvfjZaLHM60yYRt7BYZm",
    "owner": "NUNEAUX"
  },
  {
    "name": "Poluz",
    "spotifyId": "0vaXEuhH3eaJuTdMoLFdbN",
    "owner": "ERRY"
  },
  {
    "name": "Doris Lost",
    "spotifyId": "43U1R9AZoGI3V5iaW6lht8",
    "owner": "NUNEAUX"
  },
  {
    "name": "Eternal",
    "spotifyId": "4oOqA7kbwce90hbDDKjoID",
    "owner": "ERRY"
  },
  {
    "name": "Sleepy Teas",
    "spotifyId": "3Ax9FlTyHNJdOhAKaxhZl9",
    "owner": "NUNEAUX"
  },
  {
    "name": "ZizZa",
    "spotifyId": "20ajFDuyJzM8xGkWL9agiV",
    "owner": "ERRY"
  },
  {
    "name": "Slaapmutsje",
    "spotifyId": "1iH0DmClTXD3DEXO490gbq",
    "owner": "NUNEAUX"
  },
  {
    "name": "Deep Sleep",
    "spotifyId": "4d3WwgfETgTvddopuSfQ8i",
    "owner": "N/A"
  },
  {
    "name": "Vallie Ginns",
    "spotifyId": "2tKuJrJLd6BARL1GVE3VVT",
    "owner": "N/A"
  },
  {
    "name": "Rekkel Paals",
    "spotifyId": "61Qha9Ylp3V6dDX8Jj5Z1z",
    "owner": "N/A"
  },
  {
    "name": "Luana Sol",
    "spotifyId": "7dcX4psw7M8J5l1c5jRmX3",
    "owner": "N/A"
  },
  {
    "name": "Wishes",
    "spotifyId": "4cGEMRW0A7PAZcovV3S8KT",
    "owner": "N/A"
  },
  {
    "name": "Rain Notes",
    "spotifyId": "5P1RyLkpa2GMDium23Ptn6",
    "owner": "N/A"
  },
  {
    "name": "Cosmic Calm",
    "spotifyId": "0OXYrzdbgxer5KtxSTuUDy",
    "owner": "N/A"
  }
]